{"cameraMode":{"drawMode":0,"name":"Shaded","section":"Shading Mode"},"sceneLighting":true,"audioPlay":false,"sceneViewState":{"showFog":true,"showMaterialUpdate":false,"showSkybox":true,"showFlares":true,"showImageEffects":true,"showParticleSystems":true},"in2DMode":false,"pivot":{"x":-25.657472610473634,"y":-22.684158325195314,"z":-4.943209648132324},"rotation":{"x":-0.34455087780952456,"y":0.5941715240478516,"z":-0.3118356168270111,"w":-0.6565086245536804},"size":81.78929138183594,"orthographic":false}